Raw Yaw,Raw Pitch,Raw Roll,Speed Yaw, Speed Pitch,Speed Roll
1f78,1f21,1f60,0.35,4.7,1.55
1f86,1f66,1f55,-0.35,1.25,2.1
1fc0,1fed,1f14,-3.25,-5.5,5.35
1fb6,2005,1f25,-2.75,-6.7,4.5
1fb3,2004,1f39,-2.6,-6.65,3.5
1fb3,2004,1f39,-2.6,-6.65,3.5
1f79,1fd0,1f2a,0.3,-4.05,4.25
1f79,1fd0,1f2a,0.3,-4.05,4.25
1f61,1f6c,1f51,1.5,0.95,2.3
1f61,1f6c,1f51,1.5,0.95,2.3
1f5c,1f5c,1f68,1.75,1.75,1.15
1f48,1f3f,1f67,2.75,3.2,1.2
1f3e,1f18,1f71,3.25,5.15,0.7
1f54,1f0b,1f71,2.15,5.8,0.7
1f5f,1f0d,1f81,1.6,5.7,-0.1
1f7c,1f1b,1f86,0.15,5,-0.35
1f97,1f2d,1f8b,-1.2,4.1,-0.6
1fb6,1f4c,1f9f,-2.75,2.55,-1.6
1fd3,1f89,1fa8,-4.2,-0.5,-2.05
1fd5,1fdd,1f95,-4.3,-4.7,-1.1
1fcf,202b,1f6c,-4,-8.6,0.95
1fd9,2085,1f5d,-4.5,-13.1,1.7
1fe9,20db,1f3e,-5.3,-17.4,3.25
2000,2118,1f27,-6.45,-20.45,4.4
2011,2141,1f1f,-7.3,-22.5,4.8
2028,2168,1f1a,-8.45,-24.45,5.05
204c,21a0,1f10,-10.25,-27.25,5.55
2075,21ee,1ef5,-12.3,-31.15,6.9
2092,2243,1ee7,-13.75,-35.4,7.6
209c,2292,1ec5,-14.25,-39.35,9.3
2088,22a4,1ec2,-13.25,-40.25,9.45
204f,2285,1ed3,-10.4,-38.7,8.6
1fa8,2298,2047,-2.05,-39.65,-10
1fef,229b,1f30,-5.6,-39.8,3.95
1fef,229b,1f30,-5.6,-39.8,3.95
1fb3,2291,1f38,-2.6,-39.3,3.55
1fb3,2291,1f38,-2.6,-39.3,3.55
1f7e,22a1,2001,0.05,-40.1,-6.5
1f8f,229d,1fa8,-0.8,-39.9,-2.05
1f9e,2281,1f47,-1.55,-38.5,2.8
1f99,2255,1f33,-1.3,-36.3,3.8
1f88,2233,1f43,-0.45,-34.6,3
1f85,2205,1f38,-0.3,-32.3,3.55
1f72,21ea,1f5f,0.65,-30.95,1.6
1f6c,21ef,1fa9,0.95,-31.2,-2.1
1f8f,21f9,1f3c,-0.8,-31.7,3.35
1f8e,220b,1f3f,-0.75,-32.6,3.2
1f95,2202,1f24,-1.1,-32.15,4.55
1f9f,2201,1ef3,-1.6,-32.1,7
1f9d,21fd,1f67,-1.5,-31.9,1.2
1f98,2216,1f70,-1.25,-33.15,0.75
1fa5,2248,1f7f,-1.9,-35.65,0
1fca,229c,1f9e,-3.75,-39.85,-1.55
1fe0,22ff,1f95,-4.85,-44.8,-1.1
1fe7,2337,1f65,-5.2,-47.6,1.3
1fd3,2347,1f44,-4.2,-48.4,2.95
1fcc,2312,1fbd,-3.85,-45.75,-3.1
1f84,22c2,1f59,-0.25,-41.75,1.9
1f52,2289,1f54,2.25,-38.9,2.15
1f84,2271,1f30,-0.25,-37.7,3.95
1f90,2269,1f46,-0.85,-37.3,2.85
1f85,2272,1f62,-0.3,-37.75,1.45
1f85,2272,1f62,-0.3,-37.75,1.45
1f93,2281,1f32,-1,-38.5,3.85
1f88,2257,1f69,-0.45,-36.4,1.1
1f83,223f,1f44,-0.2,-35.2,2.95
1f9e,2250,1f3c,-1.55,-36.05,3.35
1fc5,2266,1f1f,-3.5,-37.15,4.8
1fd0,226d,1f21,-4.05,-37.5,4.7
1fe1,2261,1f3d,-4.9,-36.9,3.3
1fe1,2261,1f3d,-4.9,-36.9,3.3
1fe4,225d,1f10,-5.05,-36.7,5.55
2015,2258,1f37,-7.5,-36.45,3.6
2024,2269,1f3f,-8.25,-37.3,3.2
2010,22a8,1f61,-7.25,-40.45,1.5
202b,2303,1f61,-8.6,-45,1.5
2075,2357,1f7a,-12.3,-49.2,0.25
2086,238a,1f1e,-13.15,-51.75,4.85
2095,23a4,1f20,-13.9,-53.05,4.75
2093,23a8,1f47,-13.8,-53.25,2.8
208c,23c2,1f30,-13.45,-54.55,3.95
2049,242b,1fcf,-10.1,-59.8,-4
2049,242b,1fcf,-10.1,-59.8,-4
204d,244b,1f5d,-10.3,-61.4,1.7
2062,245c,1f10,-11.35,-62.25,5.55
2035,243c,1f08,-9.1,-60.65,5.95
1ff0,23ea,1ee2,-5.65,-56.55,7.85
1fd7,238a,1f2f,-4.4,-51.75,4
1fa0,235c,1f74,-1.65,-49.45,0.55
1f76,233d,1fd6,0.45,-47.9,-4.35
1fbb,2347,1fbc,-3,-48.4,-3.05
1fd0,2385,1fee,-4.05,-51.5,-5.55
1fe7,23ce,1fb1,-5.2,-55.15,-2.5
2007,2410,1fd7,-6.8,-58.45,-4.4
1fd8,2439,2012,-4.45,-60.5,-7.35
1ffd,2413,1fa8,-6.3,-58.6,-2.05
1ffd,2413,1fa8,-6.3,-58.6,-2.05
1fea,23be,1fc0,-5.35,-54.35,-3.25
1fda,237a,1fa5,-4.55,-50.95,-1.9
1fda,237a,1fa5,-4.55,-50.95,-1.9
2009,235e,1fba,-6.9,-49.55,-2.95
201c,2357,1fbc,-7.85,-49.2,-3.05
2027,234d,1f86,-8.4,-48.7,-0.35
202d,2361,1fae,-8.7,-49.7,-2.35
2014,2373,1fa3,-7.45,-50.6,-1.8
1fee,238d,1f1e,-5.55,-51.9,4.85
1fe4,23a3,1f5f,-5.05,-53,1.6
1fd4,238f,1f5c,-4.25,-52,1.75
1fd0,238f,1f3e,-4.05,-52,3.25
1fe9,2387,1f51,-5.3,-51.6,2.3
2002,2379,1f9f,-6.55,-50.9,-1.6
202f,2374,1f8e,-8.8,-50.65,-0.75
2051,236b,200f,-10.5,-50.2,-7.2
206c,2359,1ff1,-11.85,-49.3,-5.7
2069,2367,1fb4,-11.7,-50,-2.65
2062,237f,1fd3,-11.35,-51.2,-4.2
2043,23be,1f99,-9.8,-54.35,-1.3
202f,240e,1f5b,-8.8,-58.35,1.8
2060,2457,1fa4,-11.25,-62,-1.85
2067,2499,1f8c,-11.6,-65.3,-0.65
2090,24c1,1f98,-13.65,-67.3,-1.25
20bf,24ca,1fd2,-16,-67.75,-4.15
20b4,2.40E+07,1f8c,-15.45,-69.15,-0.65
2094,24f5,1f47,-13.85,-69.9,2.8
2012,249b,1f1e,-7.35,-65.4,4.85
1fe4,246c,1f50,-5.05,-63.05,2.35
1fe4,246c,1f50,-5.05,-63.05,2.35
1faf,2471,1f97,-2.4,-63.3,-1.2
1faf,2471,1f97,-2.4,-63.3,-1.2
1-Feb,2537,1f7c,-5.4,-73.2,0.15
2021,25b9,1f0d,-8.1,-79.7,5.7
2021,25b9,1f0d,-8.1,-79.7,5.7
200f,26ac,1e7c,-7.2,-91.85,12.95
200f,26ac,1e7c,-7.2,-91.85,12.95
2014,2710,1.00E+91,-7.45,-96.85,11.9
202b,2745,1.00E+99,-8.6,-99.5,11.5
203f,273f,1ec6,-9.6,-99.2,9.25
203e,26f9,1f3b,-9.55,-95.7,3.4
2078,26c3,1f1b,-12.45,-93,5
209b,2688,1f33,-14.2,-90.05,3.8
20af,2652,1f83,-15.2,-87.35,-0.2
20c1,25fd,1f5f,-16.1,-83.1,1.6
20b0,25ae,1fa1,-15.25,-79.15,-1.7
2089,255b,1fc9,-13.3,-75,-3.7
2055,252c,201c,-10.7,-72.65,-7.85
2003,2547,2101,-6.6,-74,-19.3
2003,2547,2101,-6.6,-74,-19.3
1fe4,2591,2139,-5.05,-77.7,-22.1
1fd4,25fc,2154,-4.25,-83.05,-23.45
1fc9,2664,20eb,-3.7,-88.25,-18.2
1fb4,26a6,205e,-2.65,-91.55,-11.15
1f9b,26b7,1ff9,-1.4,-92.4,-6.1
1f79,26a1,1fe9,0.3,-91.3,-5.3
1f7e,2677,1ff4,0.05,-89.2,-5.85
1f85,261b,2080,-0.3,-84.6,-12.85
1fbe,25a6,20c6,-3.15,-78.75,-16.35
1fc9,253b,20f3,-3.7,-73.4,-18.6
1fc5,2531,2076,-3.5,-72.9,-12.35
1fc5,2531,2076,-3.5,-72.9,-12.35
1f9a,2510,202b,-1.35,-71.25,-8.6
1f9a,2510,202b,-1.35,-71.25,-8.6
1f8e,24bb,204f,-0.75,-67,-10.4
1f8a,2479,209d,-0.55,-63.7,-14.3
1f8a,2479,209d,-0.55,-63.7,-14.3
1f88,2475,20d8,-0.45,-63.5,-17.25
1fc8,24da,202c,-3.65,-68.55,-8.65
1fcc,2512,1fd8,-3.85,-71.35,-4.45
1fc4,251c,1f7d,-3.45,-71.85,0.1
1fa7,251a,1f54,-2,-71.75,2.15
1f73,24ec,1f18,0.6,-69.45,5.15
1f52,24a5,1ee8,2.25,-65.9,7.55
1f41,2460,1f02,3.1,-62.45,6.25
1f3a,23f5,1f65,3.45,-57.1,1.3
1f44,2393,1f3a,2.95,-52.2,3.45
1f55,234a,1f36,2.1,-48.55,3.65
1f96,237d,1eff,-1.15,-51.1,6.4
1faf,23a8,1eb2,-2.4,-53.25,10.25
1faf,23a8,1eb2,-2.4,-53.25,10.25
1f95,23ce,1e8f,-1.1,-55.15,12
1f81,23bb,1e8d,-0.1,-54.2,12.1
1f81,23bb,1e8d,-0.1,-54.2,12.1
1f6c,23b9,1e6f,0.95,-54.1,13.6
1f6c,23d0,1.00E+69,0.95,-55.25,13.9
1f7d,23c6,1.00E+75,0.1,-54.75,13.3
1f9d,23a5,1ea2,-1.5,-53.1,11.05
1fc0,239e,1f0d,-3.25,-52.75,5.7
1fe5,23c4,1f38,-5.1,-54.65,3.55
2039,241c,1eb8,-9.3,-59.05,9.95
206c,2478,1e5e,-11.85,-63.65,14.45
2080,2486,1.00E+73,-12.85,-64.35,13.4
2065,245c,1ea1,-11.5,-62.25,11.1
2050,241c,1eeb,-10.45,-59.05,7.4
2032,2.30E+07,1f06,-8.95,-56.35,6.05
2014,23ac,1ef6,-7.45,-53.45,6.85
1fe8,234a,1f05,-5.25,-48.55,6.1
1fb6,22d5,1f21,-2.75,-42.7,4.7
1f86,228c,1f08,-0.35,-39.05,5.95
1f79,2265,1f02,0.3,-37.1,6.25
1f79,2265,1f02,0.3,-37.1,6.25
1f7a,2249,1f2c,0.25,-35.7,4.15
1f93,225e,1f50,-1,-36.75,2.35
1f93,228d,1fd8,-1,-39.1,-4.45
1fe0,2309,1fb2,-4.85,-45.3,-2.55
1fe0,2309,1fb2,-4.85,-45.3,-2.55
1fba,22cc,1fef,-2.95,-42.25,-5.6
1f79,2259,2020,0.3,-36.5,-8.05
1f38,221f,20b7,3.55,-33.6,-15.6
1f68,2240,2018,1.15,-35.25,-7.65
1f89,2288,1fe4,-0.5,-38.85,-5.05
1fa0,22c9,1fae,-1.65,-42.1,-2.35
1fa9,2259,1fd6,-2.1,-36.5,-4.35
1fa9,2259,1fd6,-2.1,-36.5,-4.35
1f4f,21b3,2099,2.4,-28.2,-14.1
1f39,2159,206f,3.5,-23.7,-12
1f33,2196,1ffb,3.8,-26.75,-6.2
2029,2269,1f3f,-8.5,-37.3,3.2
2029,2269,1f3f,-8.5,-37.3,3.2
208b,22a1,1f6d,-13.4,-40.1,0.9
209d,22a7,1fb0,-14.3,-40.4,-2.45
207d,2299,1fa0,-12.7,-39.7,-1.65
2048,2239,1faf,-10.05,-34.9,-2.4
2048,2239,1faf,-10.05,-34.9,-2.4
2007,2214,1fc7,-6.8,-33.05,-3.6
1f91,21ba,201c,-0.9,-28.55,-7.85
1f6d,21b0,2029,0.9,-28.05,-8.5
1f6d,21b0,2029,0.9,-28.05,-8.5
1f51,21d4,205f,2.3,-29.85,-11.2
1f51,21d4,205f,2.3,-29.85,-11.2
1f77,2220,2089,0.4,-33.65,-13.3
1f77,2220,2089,0.4,-33.65,-13.3
1fab,2295,205e,-2.2,-39.5,-11.15
1fab,2295,205e,-2.2,-39.5,-11.15
1fbe,22c1,2037,-3.15,-41.7,-9.2
1fc8,230e,2099,-3.65,-45.55,-14.1
1fc8,230e,2099,-3.65,-45.55,-14.1
1f7c,2334,204a,0.15,-47.45,-10.15
1f7c,2334,204a,0.15,-47.45,-10.15
1f5d,230b,204d,1.7,-45.4,-10.3
1f32,22d9,204c,3.85,-42.9,-10.25
1f1e,22a7,204a,4.85,-40.4,-10.15
1f10,226d,2067,5.55,-37.5,-11.6
1f3e,2276,2056,3.25,-37.95,-10.75
1f70,2297,2033,0.75,-39.6,-9
1fa8,22ca,2027,-2.05,-42.15,-8.4
1fba,22ad,2050,-2.95,-40.7,-10.45
2003,229d,2065,-6.6,-39.9,-11.5
2003,229d,2065,-6.6,-39.9,-11.5
2020,2.20E+02,1ffb,-8.05,-43.3,-6.2
2020,2.20E+02,1ffb,-8.05,-43.3,-6.2
1ff0,22ce,2011,-5.65,-42.35,-7.3
1ff0,22ce,2011,-5.65,-42.35,-7.3
1fcd,22cb,2036,-3.9,-42.2,-9.15
1fbe,2.20E+06,201e,-3.15,-43.5,-7.95
1fca,2302,201d,-3.75,-44.95,-7.9
1fda,233b,1ffa,-4.55,-47.8,-6.15
2004,2362,1fd7,-6.65,-49.75,-4.4
2033,2354,1fec,-9,-49.05,-5.45
204d,2317,2016,-10.3,-46,-7.55
205a,22b3,2035,-10.95,-41,-9.1
2052,2252,2028,-10.55,-36.15,-8.45
2031,221e,2031,-8.9,-33.55,-8.9
201b,21f5,201d,-7.8,-31.5,-7.9
201b,21f5,201d,-7.8,-31.5,-7.9
1fe1,21d0,1fb3,-4.9,-29.65,-2.6
1f8a,219d,1f59,-0.55,-27.1,1.9
1f85,2166,1f0f,-0.3,-24.35,5.6
1f99,2115,1efa,-1.3,-20.3,6.65
1fba,20b7,1f1b,-2.95,-15.6,5
1fd6,208d,1f3c,-4.35,-13.5,3.35
1fe1,209a,1f76,-4.9,-14.15,0.45
1fd1,20b7,1f75,-4.1,-15.6,0.5
1fc7,20c9,1f33,-3.6,-16.5,3.8
1fae,20d3,1f1a,-2.35,-17,5.05
1f98,20c3,1f0d,-1.25,-16.2,5.7
1f9a,20a8,1f28,-1.35,-14.85,4.35
1fa7,20a3,1f2a,-2,-14.6,4.25
1fc6,20c8,1f28,-3.55,-16.45,4.35
1fe7,2.00E+09,1f4a,-5.2,-18.05,2.65
201e,2141,1f97,-7.95,-22.5,-1.2
201e,2141,1f97,-7.95,-22.5,-1.2
202f,2172,1f9f,-8.8,-24.95,-1.6
2047,2180,1fd9,-10,-25.65,-4.5
2065,216e,1fed,-11.5,-24.75,-5.5
2079,215f,1ff6,-12.5,-24,-5.95
2080,215c,1fbb,-12.85,-23.85,-3
2071,214d,1f8b,-12.1,-23.1,-0.6
2056,2116,1f8b,-10.75,-20.35,-0.6
2036,20f7,1f98,-9.15,-18.8,-1.25
202c,20d3,1f9f,-8.65,-17,-1.6
2024,20cd,1fa8,-8.25,-16.7,-2.05
2029,20b2,1f8e,-8.5,-15.35,-0.75
2027,208b,1f92,-8.4,-13.4,-0.95
2010,2056,1fb6,-7.25,-10.75,-2.75
1fe5,204b,1f55,-5.1,-10.2,2.1
1fe5,204b,1f55,-5.1,-10.2,2.1
1fcf,205a,1f36,-4,-10.95,3.65
1fd0,204f,1f0d,-4.05,-10.4,5.7
1fc9,2059,1f07,-3.7,-10.9,6
1fc9,2059,1f07,-3.7,-10.9,6
1ede,2114,214d,8.05,-20.25,-23.1
1ede,2114,214d,8.05,-20.25,-23.1
1f0d,217e,2005,5.7,-25.55,-6.7
1ef8,21fe,1f84,6.75,-31.95,-0.25
1fde,21b3,1fa1,-4.75,-28.2,-1.7
1fde,21b3,1fa1,-4.75,-28.2,-1.7
205b,2170,1fc1,-11,-24.85,-3.3
2093,2154,1f95,-13.8,-23.45,-1.1
206d,211c,1f56,-11.9,-20.65,2.05
201d,20b9,1f50,-7.9,-15.7,2.35
1fd8,2062,1f38,-4.45,-11.35,3.55
1fad,2044,1f16,-2.3,-9.85,5.25
1fa6,202b,1ef9,-1.95,-8.6,6.7
1fbc,2027,1eee,-3.05,-8.4,7.25
1fd5,2054,1f00,-4.3,-10.65,6.35
1fd5,2095,1f0c,-4.3,-13.9,5.75
1fdf,20de,1f40,-4.8,-17.55,3.15
1ffa,211f,1f53,-6.15,-20.8,2.2
2011,2171,1f68,-7.3,-24.9,1.15
203c,21d4,1f7a,-9.45,-29.85,0.25
2073,2235,1f88,-12.2,-34.7,-0.45
2096,224c,1f6f,-13.95,-35.85,0.8
209d,224b,1f58,-14.3,-35.8,1.95
2043,2215,1fae,-9.8,-33.1,-2.35
2012,21f2,1f4d,-7.35,-31.35,2.5
1fe9,21a6,1f2f,-5.3,-27.55,4
1fb4,2100,1eef,-2.65,-19.25,7.2
1fb4,2100,1eef,-2.65,-19.25,7.2
1fa8,20dc,1f02,-2.05,-17.45,6.25
1fab,20ed,1f12,-2.2,-18.3,5.45
1fc2,2124,1f23,-3.35,-21.05,4.6
1fed,2166,1f48,-5.5,-24.35,2.75
2014,21a2,1f61,-7.45,-27.35,1.5
2031,21fa,1f4c,-8.9,-31.75,2.55
2059,2253,1f56,-10.9,-36.2,2.05
205e,228a,1f5b,-11.15,-38.95,1.8
205d,22c7,1f42,-11.1,-42,3.05
205b,2309,1f4f,-11,-45.3,2.4
206b,2329,1f34,-11.8,-46.9,3.75
206d,232e,1f60,-11.9,-47.15,1.55
209d,2353,1ede,-14.3,-49,8.05
2099,2390,1e9d,-14.1,-52.05,11.3
2078,23c0,1ea0,-12.45,-54.45,11.15
1fbe,2414,1ee1,-3.15,-58.65,7.9
1fbe,2414,1ee1,-3.15,-58.65,7.9
1fa7,2430,1.00E+96,-2,-60.05,11.65
1fb1,2432,1e3e,-2.5,-60.15,16.05
1fca,2424,1e0c,-3.75,-59.45,18.55
1fed,2415,1.00E+29,-5.5,-58.7,17.1
1fee,2440,1.00E+60,-5.55,-60.85,14.35
1fda,24af,1ea9,-4.55,-66.4,10.7
1fb4,255a,1ed9,-2.65,-74.95,8.3
1fba,25d9,1f05,-2.95,-81.3,6.1
1fcc,2651,1f1c,-3.85,-87.3,4.95
1ff8,26c9,1f1a,-6.05,-93.3,5.05
2031,274f,1f35,-8.9,-100,3.7
2063,27c2,1f2f,-11.4,-105.75,4
20c1,2963,1f11,-16.1,-126.6,5.5
20c1,2963,1f11,-16.1,-126.6,5.5
2124,29d4,1f03,-21.05,-132.25,6.2
2124,29d4,1f03,-21.05,-132.25,6.2
214d,2893,1f1e,-23.1,-116.2,4.85
218f,26c5,1eec,-26.4,-93.1,7.35
218f,26c5,1eec,-26.4,-93.1,7.35
21b4,2520,1.00E+98,-28.25,-72.05,11.55
2158,22ab,1.00E+36,-23.65,-40.6,16.45
20db,2200,1.00E+60,-17.4,-32.05,14.35
2029,2174,1eaf,-8.5,-25.05,10.4
1f9a,20c6,1ed0,-1.35,-16.35,8.75
1f48,2028,1f17,2.75,-8.45,5.2
1f35,1faa,1f0f,3.7,-2.15,5.6
1f3f,1f72,1ef8,3.2,0.65,6.75
1f2e,1f8d,1ef6,4.05,-0.7,6.85
1f29,1fc4,1ed2,4.3,-3.45,8.65
1f38,1fff,1ec0,3.55,-6.4,9.55
1f7a,20be,1ed2,0.25,-15.95,8.65
1f8c,2103,1ec7,-0.65,-19.4,9.2
1f8c,2103,1ec7,-0.65,-19.4,9.2
1fca,21b1,1ef9,-3.75,-28.1,6.7
1fca,21b1,1ef9,-3.75,-28.1,6.7
1ffb,21ca,1f1f,-6.2,-29.35,4.8
202f,21dc,1f55,-8.8,-30.25,2.1
2050,2.10E+05,1f26,-10.45,-30.65,4.45
2063,2207,1f34,-11.4,-32.4,3.75
2070,21dd,1f59,-12.05,-30.3,1.9
2074,21ec,1f71,-12.25,-31.05,0.7
2070,21df,1f65,-12.05,-30.4,1.3
205c,21bd,1f65,-11.05,-28.7,1.3
2052,2176,1f72,-10.55,-25.15,0.65
2064,2170,1f77,-11.45,-24.85,0.4
2071,2162,1f8b,-12.1,-24.15,-0.6
206f,2173,1f92,-12,-25,-0.95
2062,2158,1f2b,-11.35,-23.65,4.2
204e,217b,1edb,-10.35,-25.4,8.2
204e,217b,1edb,-10.35,-25.4,8.2
2046,21a6,1f61,-9.95,-27.55,1.5
2046,21a6,1f61,-9.95,-27.55,1.5
2030,214f,1f23,-8.85,-23.2,4.6
2030,214f,1f23,-8.85,-23.2,4.6
2052,2139,1f3e,-10.55,-22.1,3.25
2052,2139,1f3e,-10.55,-22.1,3.25
205b,215d,1ef4,-11,-23.9,6.95
206d,2179,1f18,-11.9,-25.3,5.15
2067,2182,1ef3,-11.6,-25.75,7
2063,2183,1ee2,-11.4,-25.8,7.85
2046,2184,1edd,-9.95,-25.85,8.1
202d,21a3,1ed1,-8.7,-27.4,8.7
2020,21d3,1ec4,-8.05,-29.8,9.35
2024,221a,1eab,-8.25,-33.35,10.6
2020,2249,1e9d,-8.05,-35.7,11.3
1ff8,2278,1.00E+66,-6.05,-38.05,14.05
1ff8,2278,1.00E+66,-6.05,-38.05,14.05
1fda,2275,1.00E+76,-4.55,-37.9,13.25
1fd6,227e,1.00E+92,-4.35,-38.35,11.85
200b,22aa,1e8c,-7,-40.55,12.15
2046,22d3,1e9d,-9.95,-42.6,11.3
2092,2304,1e5b,-13.75,-45.05,14.6
20bf,234d,1e3b,-16,-48.7,16.2
20ed,2373,1.00E+47,-18.3,-50.6,15.6
210c,23a5,1.00E+51,-19.85,-53.1,15.1
2113,23c3,1.00E+92,-20.2,-54.6,11.85
2105,23db,1ece,-19.5,-55.8,8.85
20d4,2.30E+07,1eec,-17.05,-56.35,7.35
20b3,23ea,1f0a,-15.4,-56.55,5.85
208c,23d9,1f16,-13.45,-55.7,5.25
208a,23a4,1f04,-13.35,-53.05,6.15
205c,2342,1efe,-11.05,-48.15,6.45
2041,22d6,1f3f,-9.7,-42.75,3.2
2000,2254,1f39,-6.45,-36.25,3.5
1fc9,220a,1f36,-3.7,-32.55,3.65
1f96,2.10E+09,1f59,-1.15,-30.85,1.9
1f51,2.10E+01,1f96,2.3,-30.45,-1.15
1ee6,2230,1fe2,7.65,-34.45,-4.95
1ee6,2230,1fe2,7.65,-34.45,-4.95
1f02,228a,2012,6.25,-38.95,-7.35
1f02,228a,2012,6.25,-38.95,-7.35
1f3e,229d,2019,3.25,-39.9,-7.7
1f89,229e,201d,-0.5,-39.95,-7.9
1fca,2299,2016,-3.75,-39.7,-7.55
1fda,2226,1fd1,-4.55,-33.95,-4.1
1fda,2226,1fd1,-4.55,-33.95,-4.1
1fbf,21f7,1fb2,-3.2,-31.6,-2.55
1fa8,21be,1f9a,-2.05,-28.75,-1.35
1faa,21a9,1f96,-2.15,-27.7,-1.15
1faa,21a9,1f96,-2.15,-27.7,-1.15
1fe7,219a,1f67,-5.2,-26.95,1.2
1fe7,219a,1f67,-5.2,-26.95,1.2
200e,2191,1f55,-7.15,-26.5,2.1
2017,216f,1f9d,-7.6,-24.8,-1.5
2007,2132,1f4e,-6.8,-21.75,2.45
1fc6,2118,1f6f,-3.55,-20.45,0.8
1fc6,2118,1f6f,-3.55,-20.45,0.8
1fc9,2106,1f44,-3.7,-19.55,2.95
1fd0,20f9,1f28,-4.05,-18.9,4.35
1fe1,210b,1efc,-4.9,-19.8,6.55
1fe1,210b,1efc,-4.9,-19.8,6.55
1fd6,2150,1ef1,-4.35,-23.25,7.1
1fd4,21d4,1f2e,-4.25,-29.85,4.05
1fd9,2251,1f89,-4.5,-36.1,-0.5
2030,2363,1fc4,-8.85,-49.8,-3.45
2030,2363,1fc4,-8.85,-49.8,-3.45
2061,23c5,1fb4,-11.3,-54.7,-2.65
2061,23c5,1fb4,-11.3,-54.7,-2.65
20d1,2417,1fba,-16.9,-58.8,-2.95
2104,2419,1fc0,-19.45,-58.9,-3.25
2129,2407,1fba,-21.3,-58,-2.95
214d,238c,1f56,-23.1,-51.85,2.05
214d,238c,1f56,-23.1,-51.85,2.05
20f6,231b,1f17,-18.75,-46.2,5.2
20f6,231b,1f17,-18.75,-46.2,5.2
20b5,22c6,1f39,-15.5,-41.95,3.5
2079,22b1,1f11,-12.5,-40.9,5.5
201b,22d0,1f22,-7.8,-42.45,4.65
201b,22d0,1f22,-7.8,-42.45,4.65
200f,2.20E+03,1f15,-7.2,-43.35,5.3
2014,22c4,1f01,-7.45,-41.85,6.3
201a,22c1,1eec,-7.75,-41.7,7.35
2025,22bd,1ef0,-8.3,-41.5,7.15
2038,22c3,1f17,-9.25,-41.8,5.2
203a,22d8,1f17,-9.35,-42.85,5.2
203e,22a5,1f2d,-9.55,-40.3,4.1
203d,22cd,1f04,-9.5,-42.3,6.15
2059,22b5,1f08,-10.9,-41.1,5.95
207e,228e,1ee8,-12.75,-39.15,7.55
2091,22b6,1ee0,-13.7,-41.15,7.95
2097,2333,1ed9,-14,-47.4,8.3
2097,2333,1ed9,-14,-47.4,8.3
2042,2383,1edb,-9.75,-51.4,8.2
2042,2383,1edb,-9.75,-51.4,8.2
2017,2360,1ebc,-7.6,-49.65,9.75
1fee,2342,1eaa,-5.55,-48.15,10.65
1fd5,230a,1eb0,-4.3,-45.35,10.35
1fca,22f2,1ec1,-3.75,-44.15,9.5
1fb2,22df,1ec6,-2.55,-43.2,9.25
1fa8,22be,1eb6,-2.05,-41.55,10.05
1fa0,2298,1ea9,-1.65,-39.65,10.7
1fa0,2298,1ea9,-1.65,-39.65,10.7
1fa6,229a,1ec5,-1.95,-39.75,9.3
1fa6,229a,1ec5,-1.95,-39.75,9.3
1fb0,22c1,1eb8,-2.45,-41.7,9.95
1fb8,230a,1.00E+97,-2.85,-45.35,11.6
1f98,235d,1.00E+06,-1.25,-49.5,18.85
1f98,235d,1.00E+06,-1.25,-49.5,18.85
1f6a,2382,1.00E+99,1.05,-51.35,11.5
1f6a,2382,1.00E+99,1.05,-51.35,11.5
1fb9,2347,1.00E+93,-2.9,-48.4,11.8
1fb9,2347,1.00E+93,-2.9,-48.4,11.8
2009,2325,1.00E+70,-6.9,-46.7,13.55
20ac,2333,1eea,-15.05,-47.4,7.45
20ac,2333,1eea,-15.05,-47.4,7.45
20de,2332,1ee6,-17.55,-47.35,7.65
20ef,230e,1ee7,-18.4,-45.55,7.6
20cd,22f8,1ee9,-16.7,-44.45,7.5
2066,2328,1f40,-11.55,-46.85,3.15
2066,2328,1f40,-11.55,-46.85,3.15
2015,236d,1f59,-7.5,-50.3,1.9
2015,236d,1f59,-7.5,-50.3,1.9
2005,23a7,1f76,-6.7,-53.2,0.45
2005,23a7,1f76,-6.7,-53.2,0.45
2021,239c,1fd3,-8.1,-52.65,-4.2
2021,239c,1fd3,-8.1,-52.65,-4.2
2068,23a3,1fdc,-11.65,-53,-4.65
208b,23b7,1fe0,-13.4,-54,-4.85
208b,23b7,1fe0,-13.4,-54,-4.85
2090,23c0,1ffa,-13.65,-54.45,-6.15
2083,23c9,2012,-13,-54.9,-7.35
2057,23d9,2004,-10.8,-55.7,-6.65
1fb6,23fe,1fe4,-2.75,-57.55,-5.05
1fb6,23fe,1fe4,-2.75,-57.55,-5.05
1f72,23bb,200b,0.65,-54.2,-7
1f5f,235f,2035,1.6,-49.6,-9.1
1f5e,230e,2058,1.65,-45.55,-10.85
1f6c,22c1,204b,0.95,-41.7,-10.2
1f92,2287,207c,-0.95,-38.8,-12.65
1f9a,21f1,20c6,-1.35,-31.3,-16.35
1f9a,21f1,20c6,-1.35,-31.3,-16.35
1fb7,21a2,20f7,-2.8,-27.35,-18.8
1fde,218d,20f1,-4.75,-26.3,-18.5
2000,217c,209c,-6.45,-25.45,-14.25
1ff3,215b,2034,-5.8,-23.8,-9.05
1ff3,215b,2034,-5.8,-23.8,-9.05
1fe9,2116,2031,-5.3,-20.35,-8.9
1fe3,20de,2030,-5,-17.55,-8.85
1ff0,20be,2025,-5.65,-15.95,-8.3
2019,20d5,2045,-7.7,-17.1,-9.9
2019,20d5,2045,-7.7,-17.1,-9.9
2032,2115,2029,-8.95,-20.3,-8.5
2032,2115,2029,-8.95,-20.3,-8.5
2025,211e,200d,-8.3,-20.75,-7.1
1fe0,2125,1fe7,-4.85,-21.1,-5.2
1fa1,210b,1-Feb,-1.7,-19.8,-5.4
1f77,2126,1fd7,0.4,-21.15,-4.4
1f7e,2126,1fca,0.05,-21.15,-3.75
1fac,2137,1ff6,-2.25,-22,-5.95
1-Feb,2176,201e,-5.4,-25.15,-7.95
2078,2223,207f,-12.45,-33.8,-12.8
2078,2223,207f,-12.45,-33.8,-12.8
2.00E+08,22f8,1fe6,-18,-44.45,-5.15
2.00E+08,22f8,1fe6,-18,-44.45,-5.15
2138,2.30E+03,1fa3,-22.05,-56.15,-1.8
2138,2.30E+03,1fa3,-22.05,-56.15,-1.8
2138,2.30E+03,1fa3,-22.05,-56.15,-1.8
2131,243d,1faf,-21.7,-60.7,-2.4
2103,2498,2057,-19.4,-65.25,-10.8
20fd,24dd,208f,-19.1,-68.7,-13.6
2101,2534,20d3,-19.3,-73.05,-17
2116,25a9,2111,-20.35,-78.9,-20.1
2122,2616,214f,-20.95,-84.35,-23.2
211d,2660,2132,-20.7,-88.05,-21.75
20f5,2666,2102,-18.7,-88.35,-19.35
20b8,2634,20c3,-15.65,-85.85,-16.2
1f72,2594,1f47,0.65,-77.85,2.8
1efe,25ae,1f8a,6.45,-79.15,-0.55
1ee5,2.50E+02,1fe5,7.7,-81.7,-5.1
1f81,25ee,1ffa,-0.1,-82.35,-6.15
1f81,25ee,1ffa,-0.1,-82.35,-6.15
1fc5,25a3,1fa8,-3.5,-78.6,-2.05
1fb8,2552,1f80,-2.85,-74.55,-0.05
1fba,24ea,1f54,-2.95,-69.35,2.15
1fc1,249c,1f23,-3.3,-65.45,4.6
1fe9,243f,1ee8,-5.3,-60.8,7.55
2020,23a2,1.00E+99,-8.05,-52.95,11.5
2050,2312,1e2d,-10.45,-45.75,16.9
204b,2310,1e3f,-10.2,-45.65,16
201a,237c,1.00E+52,-7.75,-51.05,15.05
2001,23c3,1.00E+85,-6.5,-54.6,12.5
2004,23d6,1eb9,-6.65,-55.55,9.9
2015,23bf,1eca,-7.5,-54.4,9.05
2032,237b,1ebc,-8.95,-51,9.75
2046,232c,1ed7,-9.95,-47.05,8.4
205c,2367,1ecd,-11.05,-50,8.9
205c,2367,1ecd,-11.05,-50,8.9
2076,23bb,1e7e,-12.35,-54.2,12.85
207d,245b,1.00E+51,-12.7,-62.2,15.1
2068,2505,1.00E+36,-11.65,-70.7,16.45
204c,256f,1e3f,-10.25,-76,16
2026,25c6,1.00E+74,-8.35,-80.35,13.35
2026,25c6,1.00E+74,-8.35,-80.35,13.35
2005,2.50E+02,1e8a,-6.7,-81.7,12.25
1fd1,2.50E+07,1.00E+83,-4.1,-81.95,12.6
1fde,25d6,1eb3,-4.75,-81.15,10.2
2001,258b,1ea2,-6.5,-77.4,11.05
2039,24fb,1ea9,-9.3,-70.2,10.7
2054,2495,1.00E+93,-10.65,-65.1,11.8
2050,246c,1e8c,-10.45,-63.05,12.15
204e,246d,1eb1,-10.35,-63.1,10.3
203a,2490,1.00E+66,-9.35,-64.85,14.05
1fd2,2544,1df8,-4.15,-73.85,19.55
1fd2,2544,1df8,-4.15,-73.85,19.55
1f9e,257e,1df4,-1.55,-76.75,19.75
1f7a,25b6,1dd0,0.25,-79.55,21.55
1f60,25c1,1dc0,1.55,-80.1,22.35
1f1b,25ae,1.00E+03,5,-79.15,19
1f1b,25ae,1.00E+03,5,-79.15,19
1eb2,258b,1.00E+30,10.25,-77.4,16.75
1eb2,258b,1.00E+30,10.25,-77.4,16.75
1eac,2576,1.00E+29,10.55,-76.35,17.1
1ea2,2580,1ded,11.05,-76.85,20.1
1f46,2.50E+04,1.00E+10,2.85,-81.8,18.35
1f46,2.50E+04,1.00E+10,2.85,-81.8,18.35
1fa6,261f,1eb9,-1.95,-84.8,9.9
1fa6,2652,1edf,-1.95,-87.35,8
1fa6,2652,1edf,-1.95,-87.35,8
1f95,26b2,1f49,-1.1,-92.15,2.7
1f97,26bc,1f43,-1.2,-92.65,3
1f97,26bc,1f43,-1.2,-92.65,3
1fa9,25d0,1eda,-2.1,-80.85,8.25
1fa9,25d0,1eda,-2.1,-80.85,8.25
1fdf,2548,1e7f,-4.8,-74.05,12.8
209a,2526,1e0c,-14.15,-72.35,18.55
209a,2526,1e0c,-14.15,-72.35,18.55
2094,25da,1.00E+46,-13.85,-81.35,15.65
2094,25da,1.00E+46,-13.85,-81.35,15.65
201f,271c,1eef,-8,-97.45,7.2
201f,271c,1eef,-8,-97.45,7.2
1fca,2706,1f97,-3.75,-96.35,-1.2
1fca,2706,1f97,-3.75,-96.35,-1.2
1fa1,26a0,1fb2,-1.7,-91.25,-2.55
1f73,261f,1f5f,0.6,-84.8,1.6
1f53,25bb,1f35,2.2,-79.8,3.7
1fb7,2.40E+06,1f13,-2.8,-69.1,5.4
1fb7,2.40E+06,1f13,-2.8,-69.1,5.4
1fe7,24c1,1ef6,-5.2,-67.3,6.85
1fed,24ae,1ed0,-5.5,-66.35,8.75
1fc2,24b4,1eb1,-3.35,-66.65,10.3
1f5f,2577,1ee0,1.6,-76.4,7.95
1f5f,2577,1ee0,1.6,-76.4,7.95
1fab,2626,1f85,-2.2,-85.15,-0.3
1fab,2626,1f85,-2.2,-85.15,-0.3
203a,2626,1fa2,-9.35,-85.15,-1.75
2091,25a0,1f56,-13.7,-78.45,2.05
20dc,24f4,1f40,-17.45,-69.85,3.15
20ee,2452,1.00E+98,-18.35,-61.75,11.55
2.00E+09,23a7,1.00E+84,-18.05,-53.2,12.55
2.00E+09,23a7,1.00E+84,-18.05,-53.2,12.55
20cc,23dc,1.00E+90,-16.65,-55.85,11.95
20b8,240f,1ef7,-15.65,-58.4,6.8
20a3,245b,1f53,-14.6,-62.2,2.2
2072,24c3,1f88,-12.15,-67.4,-0.45
2072,24c3,1f88,-12.15,-67.4,-0.45
2072,24c3,1f88,-12.15,-67.4,-0.45
206a,24d9,1f80,-11.75,-68.5,-0.05
2094,2454,1fa5,-13.85,-61.85,-1.9
2073,243e,2023,-12.2,-60.75,-8.2
2063,238b,2084,-11.4,-51.8,-13.05
2063,238b,2084,-11.4,-51.8,-13.05
2068,2310,2094,-11.65,-45.65,-13.85
20c7,2276,2038,-16.4,-37.95,-9.25
20c7,2276,2038,-16.4,-37.95,-9.25
20bb,2281,2004,-15.8,-38.5,-6.65
1ff8,241b,2059,-6.05,-59,-10.9
2007,23fa,2083,-6.8,-57.35,-13
2007,23fa,2083,-6.8,-57.35,-13
2017,23de,1fb9,-7.6,-55.95,-2.9
207f,2372,1f3d,-12.8,-50.55,3.3
20db,231f,1eeb,-17.4,-46.4,7.4
210b,22b5,1f1c,-19.8,-41.1,4.95
20f9,226c,200a,-18.9,-37.45,-6.95
206c,226f,2126,-11.85,-37.6,-21.15
1fd6,2264,21dc,-4.35,-37.05,-30.25
1fad,2260,21b0,-2.3,-36.85,-28.05
1f70,2243,211c,0.75,-35.4,-20.65
1f70,2243,211c,0.75,-35.4,-20.65
1f6c,220b,2166,0.95,-32.6,-24.35
1f99,21c2,2120,-1.3,-28.95,-20.85
1fc5,2183,2118,-3.5,-25.8,-20.45
1fe6,214a,20f9,-5.15,-22.95,-18.9
1fed,2140,20d5,-5.5,-22.45,-17.1
1fec,2146,20d7,-5.45,-22.75,-17.2
1fca,2149,211e,-3.75,-22.9,-20.75
1fb8,2141,2138,-2.85,-22.5,-22.05
1fa0,2144,212c,-1.65,-22.65,-21.45
1f95,2171,212b,-1.1,-24.9,-21.4
1f69,21a6,212d,1.1,-27.55,-21.5
1f69,21a6,212d,1.1,-27.55,-21.5
1f50,21de,216b,2.35,-30.35,-24.6
1f56,21fe,219d,2.05,-31.95,-27.1
1f52,21ff,21bd,2.25,-32,-28.7
1f72,21ca,21fa,0.65,-29.35,-31.75
1f9c,218d,21d0,-1.45,-26.3,-29.65
1fc5,215a,21b1,-3.5,-23.75,-28.1
1fdc,2156,2182,-4.65,-23.55,-25.75
1fb7,217c,2185,-2.8,-25.45,-25.9
1f2c,222a,21ce,4.15,-34.15,-29.55
1f2c,222a,21ce,4.15,-34.15,-29.55
1efd,2276,220a,6.5,-37.95,-32.55
1ed5,229d,21d2,8.5,-39.9,-29.75
1ed4,2283,218a,8.55,-38.6,-26.15
1f0e,2242,21b1,5.65,-35.35,-28.1
1f5c,2208,2146,1.75,-32.45,-22.75
1f95,21fd,20ed,-1.1,-31.9,-18.3
1fd0,221f,20fd,-4.05,-33.6,-19.1
1fe4,225b,2123,-5.05,-36.6,-21
2000,2266,2132,-6.45,-37.15,-21.75
1fea,224e,2172,-5.35,-35.95,-24.95
1fb6,21da,20f8,-2.75,-30.15,-18.85
1f46,2103,2059,2.85,-19.4,-10.9
1e0e,1f31,1f97,18.45,3.9,-1.2
1dad,1ea9,1f82,23.3,10.7,-0.15
1dad,1ea9,1f82,23.3,10.7,-0.15
1d1d,1.00E+98,1f71,30.5,11.55,0.7
1d1f,1eb6,1f70,30.4,10.05,0.75
1d1f,1eb6,1f70,30.4,10.05,0.75
1d63,1ef3,1f6f,27,7,0.8
1dcb,1f37,1fa8,21.8,3.6,-2.05
1e3b,1fa5,1fe1,16.2,-1.9,-4.9
1e9c,2042,202c,11.35,-9.75,-8.65
1ef0,2106,204a,7.15,-19.55,-10.15
1f31,21d0,203a,3.9,-29.65,-9.35
1f50,227b,202b,2.35,-38.2,-8.6
1f4c,22eb,201b,2.55,-43.8,-7.8
1f35,2304,2032,3.7,-45.05,-8.95
1f30,2304,2066,3.95,-45.05,-11.55
1f2a,22f4,204c,4.25,-44.25,-10.25
2334,23be,2034,-47.45,-54.35,-9.05
26df,2443,1ff0,-94.4,-61,-5.65
2.80E+05,242b,2281,-120.25,-59.8,-38.5
28a8,2379,2444,-117.25,-50.9,-61.05
25a8,22ef,226f,-78.85,-44,-37.6
229e,227f,1fdc,-39.95,-38.4,-4.65
1d67,21c8,1efe,26.8,-29.25,6.45
1d67,21c8,1efe,26.8,-29.25,6.45
1bf0,2189,1f1d,45.55,-26.1,4.9
1b70,2169,1.00E+89,51.95,-24.5,12.3
1ba9,215c,1.00E+35,49.1,-23.85,16.5
1c64,2146,1eb2,39.75,-22.75,10.25
1d51,211d,1f20,27.9,-20.7,4.75
1.00E+41,20d6,1f25,15.9,-17.15,4.5
1f2f,2062,1f44,4,-11.35,2.95
1fdd,2003,1f88,-4.7,-6.6,-0.45
202f,1ff4,1fae,-8.8,-5.85,-2.35
2034,202d,1faa,-9.05,-8.7,-2.15
1fda,2098,1f98,-4.55,-14.05,-1.25
1f71,2124,1f9e,0.7,-21.05,-1.55
1f17,2190,1f9d,5.2,-26.45,-1.5
1ed9,21f1,1fc9,8.3,-31.3,-3.7
1edb,2210,1fcb,8.2,-32.85,-3.8
1edb,2210,1fcb,8.2,-32.85,-3.8
1f0b,221d,1fc1,5.8,-33.5,-3.3
1f6f,2217,1fc5,0.8,-33.2,-3.5
1f6f,2207,1fc6,0.8,-32.4,-3.55
1f55,21fe,1fb2,2.1,-31.95,-2.55
1f29,2211,1fca,4.3,-32.9,-3.75
1ef9,2234,1ff5,6.7,-34.65,-5.9
1efc,2278,202e,6.55,-38.05,-8.75
1f0a,22d7,2053,5.85,-42.8,-10.6
1f23,2332,207f,4.6,-47.35,-12.8
1f30,2327,209f,3.95,-46.8,-14.4
1f3c,22fb,20b0,3.35,-44.6,-15.25
1f3c,22fb,20b0,3.35,-44.6,-15.25
1f3c,2250,2099,3.35,-36.05,-14.1
1f3c,2250,2099,3.35,-36.05,-14.1
1f33,21fb,2086,3.8,-31.8,-13.15
1f18,21c5,2064,5.15,-29.1,-11.45
1ef5,21bb,2023,6.9,-28.6,-8.2
1ed5,21d3,1ff0,8.5,-29.8,-5.65
1ec6,2219,1fc9,9.25,-33.3,-3.7
1eba,2262,1fc7,9.85,-36.95,-3.6
1ebb,2293,1fdb,9.8,-39.4,-4.6
1ec0,228e,1fd1,9.55,-39.15,-4.1
1ed3,223d,1fba,8.6,-35.1,-2.95
1ef7,21ed,1fae,6.8,-31.1,-2.35
1f0e,21b5,1f69,5.65,-28.3,1.1
1f2d,2195,1f37,4.1,-26.7,3.6
1f2e,2180,1f2b,4.05,-25.65,4.2
1f0a,215b,1f47,5.85,-23.8,2.8
1f03,2145,1f2f,6.2,-22.7,4
1f03,2145,1f2f,6.2,-22.7,4
1f08,2133,1f4e,5.95,-21.8,2.45
1f1a,214e,1f85,5.05,-23.15,-0.3
1f2f,2187,1fa2,4,-26,-1.75
1f42,21c4,1fb4,3.05,-29.05,-2.65
1f5a,21f4,1-Feb,1.85,-31.45,-5.4
1f67,2215,2022,1.2,-33.1,-8.15
1f71,2219,2046,0.7,-33.3,-9.95
1f71,2219,2046,0.7,-33.3,-9.95
1f75,2204,2057,0.5,-32.25,-10.8
1f77,21c4,2068,0.4,-29.05,-11.65
1f85,2192,2069,-0.3,-26.55,-11.7
1f81,2170,2067,-0.1,-24.85,-11.6
1f7f,2188,206b,0,-26.05,-11.8
1f7a,21d3,207d,0.25,-29.8,-12.7
1f7e,2217,2083,0.05,-33.2,-13
1f8c,221d,2081,-0.65,-33.5,-12.9
1f8f,21f3,2062,-0.8,-31.4,-11.35
1f8e,21a0,205c,-0.75,-27.25,-11.05
1f9a,2135,2024,-1.35,-21.9,-8.25
1f95,20b2,1fe9,-1.1,-15.35,-5.3
1f80,2058,1fca,-0.05,-10.85,-3.75
1f6f,2029,1fe5,0.8,-8.5,-5.1
1f59,2035,2005,1.9,-9.1,-6.7
1f63,20f5,204d,1.4,-18.7,-10.3
1f63,20f5,204d,1.4,-18.7,-10.3
1f6e,2179,2051,0.85,-25.3,-10.5
1f7b,21b9,2023,0.2,-28.5,-8.2
1f7b,218e,2010,0.2,-26.35,-7.25
1f60,213f,1fd7,1.55,-22.4,-4.4
1f57,2.00E+10,1fa2,2,-18.1,-1.75
1f3e,20d7,1fcd,3.25,-17.2,-3.9
1f3a,2.00E+10,1fdd,3.45,-18.1,-4.7
1f43,211d,1ffa,3,-20.7,-6.15
1f43,211d,1ffa,3,-20.7,-6.15
1f2d,2147,2026,4.1,-22.8,-8.35
1f2b,2134,1ff7,4.2,-21.85,-6
1f2b,2134,1ff7,4.2,-21.85,-6
1f34,20cd,1faa,3.75,-16.7,-2.15
1f34,20cd,1faa,3.75,-16.7,-2.15
1f4d,2068,1f7a,2.5,-11.65,0.25
1f99,1fbf,1f65,-1.3,-3.2,1.3
1f99,1fbf,1f65,-1.3,-3.2,1.3
1fbc,1f91,1f71,-3.05,-0.9,0.7
1fa6,1fbb,1f82,-1.95,-3,-0.15
1fa6,1fbb,1f82,-1.95,-3,-0.15
1f90,1ff4,1f85,-0.85,-5.85,-0.3
1f78,2029,1f82,0.35,-8.5,-0.15
1f58,2036,1f5d,1.95,-9.15,1.7
1f3f,1f83,1f14,3.2,-0.2,5.35
1f3f,1f83,1f14,3.2,-0.2,5.35
1f51,1e7e,1f0b,2.3,12.85,5.8
1f5e,1.00E+45,1f10,1.65,15.7,5.55
1f5e,1.00E+45,1f10,1.65,15.7,5.55
1f6a,1.00E+52,1f14,1.05,15.05,5.35
1f6a,1.00E+52,1f14,1.05,15.05,5.35
1f6f,1e7e,1f32,0.8,12.85,3.85
1f6c,1ead,1f48,0.95,10.5,2.75
1f79,1efc,1f38,0.3,6.55,3.55
1f79,1efc,1f38,0.3,6.55,3.55
1f75,1f00,1f3e,0.5,6.35,3.25
1f69,1efd,1f38,1.1,6.5,3.55
1f4d,1ee8,1f2c,2.5,7.55,4.15
1f43,1ee0,1f2f,3,7.95,4
1f5b,1ee3,1f31,1.8,7.8,3.9
1f66,1ef2,1f2a,1.25,7.05,4.25
1f7b,1efd,1f47,0.2,6.5,2.8
1f9d,1f20,1f4a,-1.5,4.75,2.65
1fb0,1f4c,1f47,-2.45,2.55,2.8
1fbb,1f84,1f57,-3,-0.25,2
1fbb,1f84,1f57,-3,-0.25,2
1fba,1fc1,1f44,-2.95,-3.3,2.95
1f75,1ff7,1f32,0.5,-6,3.85
1f45,1fad,1f17,2.9,-2.3,5.2
1f45,1fad,1f17,2.9,-2.3,5.2
1f4e,1fb5,1f2f,2.45,-2.7,4
1f60,1fdb,1f41,1.55,-4.6,3.1
1f79,2004,1f63,0.3,-6.65,1.4
1f79,2004,1f63,0.3,-6.65,1.4
1f7b,203f,1f6e,0.2,-9.6,0.85
1f7b,203f,1f6e,0.2,-9.6,0.85
1f6b,2056,1f55,1,-10.75,2.1
1f5d,205f,1f2b,1.7,-11.2,4.2
1f39,201e,1eef,3.5,-7.95,7.2
1f39,201e,1eef,3.5,-7.95,7.2
1f2e,1fda,1ecf,4.05,-4.55,8.8
1f28,1f8c,1eca,4.35,-0.65,9.05
1f5d,1f4c,1ece,1.7,2.55,8.85
1f5d,1f4c,1ece,1.7,2.55,8.85
1f9d,1f88,1efd,-1.5,-0.45,6.5
1f9d,1f88,1efd,-1.5,-0.45,6.5
1fc0,1fba,1f0d,-3.25,-2.95,5.7
1fbe,1fe3,1f26,-3.15,-5,4.45
1fa0,2009,1f35,-1.65,-6.9,3.7
1f80,200e,1f37,-0.05,-7.15,3.6
1f72,1ff8,1f2f,0.65,-6.05,4
1f70,1fe5,1f24,0.75,-5.1,4.55
1f78,1fe6,1f2c,0.35,-5.15,4.15
1f91,1fe9,1f32,-0.9,-5.3,3.85
1f9b,1fc7,1f1d,-1.4,-3.6,4.9
1fb8,1f98,1f06,-2.85,-1.25,6.05
1fb2,1f0f,1ee2,-2.55,5.6,7.85
1fb2,1f0f,1ee2,-2.55,5.6,7.85
1f9e,1ee9,1eea,-1.55,7.5,7.45
1f95,1ee5,1f03,-1.1,7.7,6.2
1f99,1f22,1f03,-1.3,4.65,6.2
1fb5,1f90,1f12,-2.7,-0.85,5.45
1fc0,1fd1,1f24,-3.25,-4.1,4.55
1fc0,1fd1,1f24,-3.25,-4.1,4.55
1fc6,1fdb,1f29,-3.55,-4.6,4.3
1fc8,1fd2,1f15,-3.65,-4.15,5.3
1fb5,1f8d,1f03,-2.7,-0.7,6.2
1fb0,1f53,1ef9,-2.45,2.2,6.7
1f9c,1f1e,1f0d,-1.45,4.85,5.7
1fa1,1f2f,1f0d,-1.7,4,5.7
1f9a,1f60,1f14,-1.35,1.55,5.35
1f98,1fb0,1f20,-1.25,-2.45,4.75
1f83,1ff7,1f37,-0.2,-6,3.6
1f83,1ff7,1f37,-0.2,-6,3.6
1f8d,1ff0,1f2b,-0.7,-5.65,4.2
1f7d,1fdc,1f33,0.1,-4.65,3.8
1f94,1fcf,1f4f,-1.05,-4,2.4
1f97,1ffa,1f67,-1.2,-6.15,1.2
1f97,1ffa,1f67,-1.2,-6.15,1.2
1f9e,2037,1f76,-1.55,-9.2,0.45
1faa,2076,1f78,-2.15,-12.35,0.35
1fa8,20ab,1f99,-2.05,-15,-1.3
1fa8,20ab,1f99,-2.05,-15,-1.3
1fb0,2084,1f89,-2.45,-13.05,-0.5
1fb0,206a,1f6b,-2.45,-11.75,1
1fb3,2038,1f29,-2.6,-9.25,4.3
1fa8,2008,1ef6,-2.05,-6.85,6.85
1f8c,1fcd,1ec1,-0.65,-3.9,9.5
1f8c,1fcd,1ec1,-0.65,-3.9,9.5
1f89,1fda,1ebc,-0.5,-4.55,9.75
1f92,1ffe,1ed3,-0.95,-6.35,8.6
1fae,2020,1f12,-2.35,-8.05,5.45
1fe9,2086,1f45,-5.3,-13.15,2.9
1fe9,2086,1f45,-5.3,-13.15,2.9
2036,207c,1f63,-9.15,-12.65,1.4
2036,207c,1f63,-9.15,-12.65,1.4
2036,205d,1f5e,-9.15,-11.1,1.65
200e,2035,1f61,-7.15,-9.1,1.5
200e,2035,1f61,-7.15,-9.1,1.5
1fed,2044,1f56,-5.5,-9.85,2.05
1fe3,2064,1f56,-5,-11.45,2.05
1fda,2081,1f6d,-4.55,-12.9,0.9
1fe2,207a,1f75,-4.95,-12.55,0.5
1fe4,2072,1f5f,-5.05,-12.15,1.6
1fe3,2061,1f56,-5,-11.3,2.05
1fe2,204d,1f44,-4.95,-10.3,2.95
1fcd,204d,1f44,-3.9,-10.3,2.95
1fcb,2041,1f58,-3.8,-9.7,1.95
1fcb,2041,1f58,-3.8,-9.7,1.95
1fd8,202a,1f44,-4.45,-8.55,2.95
1fd8,202a,1f44,-4.45,-8.55,2.95
1ff3,2021,1f20,-5.8,-8.1,4.75
1ff3,2021,1f20,-5.8,-8.1,4.75
1ff2,1ff3,1f10,-5.75,-5.8,5.55
1ff2,1ff3,1f10,-5.75,-5.8,5.55
1ff9,1fcd,1f16,-6.1,-3.9,5.25
1ffd,1fc0,1f14,-6.3,-3.25,5.35
1ffa,1fd2,1f08,-6.15,-4.15,5.95
2005,1fdd,1efa,-6.7,-4.7,6.65
2015,1fdf,1eec,-7.5,-4.8,7.35
2019,1fe2,1ee8,-7.7,-4.95,7.55
2025,1ff4,1edd,-8.3,-5.85,8.1
2025,200f,1ec0,-8.3,-7.2,9.55
202b,202c,1ea8,-8.6,-8.65,10.75
202c,2023,1ea5,-8.65,-8.2,10.9
202c,2023,1ea5,-8.65,-8.2,10.9
2034,2012,1eb2,-9.05,-7.35,10.25
205e,1fe9,1ee8,-11.15,-5.3,7.55
206d,1fde,1f02,-11.9,-4.75,6.25
2061,1fde,1edf,-11.3,-4.75,8
203f,1fea,1ede,-9.6,-5.35,8.05
2022,2000,1eee,-8.15,-6.45,7.25
1ff1,200e,1edc,-5.7,-7.15,8.15
1f78,2016,1e7b,0.35,-7.55,13
1f5b,1fc2,1.00E+73,1.8,-3.35,13.4
1f5b,1fc2,1.00E+73,1.8,-3.35,13.4
1f69,1fa7,1e6d,1.1,-2,13.7
1f7b,1f8f,1e6a,0.2,-0.8,13.85
1f9a,1f8f,1.00E+78,-1.35,-0.8,13.15
1fa0,1f87,1e7c,-1.65,-0.4,12.95
1fa4,1f74,1.00E+83,-1.85,0.55,12.6
1f97,1f70,1e7c,-1.2,0.75,12.95
1f87,1f47,1e9c,-0.4,2.8,11.35
1f74,1f27,1ea4,0.55,4.4,10.95
1f7f,1ef9,1eb8,0,6.7,9.95
1f89,1ec8,1ed4,-0.5,9.15,8.55
1fa2,1eb4,1eed,-1.75,10.15,7.3
1fb8,1ebc,1ef7,-2.85,9.75,6.8
1fc3,1ebb,1ef8,-3.4,9.8,6.75
1fbd,1ead,1f0b,-3.1,10.5,5.8
1fb0,1.00E+86,1f13,-2.45,12.45,5.4
1f92,1.00E+69,1f05,-0.95,13.9,6.1
1f83,1.00E+50,1f06,-0.2,15.15,6.05
1f85,1.00E+39,1f18,-0.3,16.3,5.15
1f82,1e2c,1f2b,-0.15,16.95,4.2
1f79,1.00E+48,1f43,0.3,15.55,3
1f72,1ed3,1f78,0.65,8.6,0.35
1f72,1ed3,1f78,0.65,8.6,0.35
1f78,1f0f,1f8f,0.35,5.6,-0.8
1f78,1f0f,1f8f,0.35,5.6,-0.8
1f52,1f1f,1f8c,2.25,4.8,-0.65
1f52,1f1f,1f8c,2.25,4.8,-0.65
1f52,1f13,1f85,2.25,5.4,-0.3
1f3a,1ef6,1f74,3.45,6.85,0.55
1f3c,1ed8,1f6e,3.35,8.35,0.85
1f4a,1ebf,1f5b,2.65,9.6,1.8
1f59,1ebc,1f4b,1.9,9.75,2.6
1f71,1ebd,1f36,0.7,9.7,3.65
1f72,1ec4,1f33,0.65,9.35,3.8
1f78,1ec2,1f29,0.35,9.45,4.3
1f82,1ebb,1f16,-0.15,9.8,5.25
1f5e,1ea9,1f04,1.65,10.7,6.15
1f48,1ea4,1f0e,2.75,10.95,5.65
1f2f,1ee5,1f38,4,7.7,3.55
1f2f,1ee5,1f38,4,7.7,3.55
1f3b,1f1b,1f52,3.4,5,2.25
1f56,1f3a,1f5e,2.05,3.45,1.65
1f78,1f4f,1f5b,0.35,2.4,1.8
1f90,1f31,1f60,-0.85,3.9,1.55
1fa2,1f01,1f52,-1.75,6.3,2.25
1f92,1eb8,1f3f,-0.95,9.95,3.2
1f80,1.00E+73,1f32,-0.05,13.4,3.85
1f81,1.00E+48,1f17,-0.1,15.55,5.2
1f7b,1.00E+35,1f01,0.2,16.5,6.3
1f70,1e3a,1ee7,0.75,16.25,7.6
1f75,1.00E+31,1ed9,0.5,16.7,8.3
1f67,1e2d,1ef2,1.2,16.9,7.05
1f70,1.00E+42,1f18,0.75,15.85,5.15
1f65,1.00E+93,1f27,1.3,11.8,4.4
1f72,1ecd,1f3c,0.65,8.9,3.35
1f6c,1efa,1f40,0.95,6.65,3.15
1f6d,1f09,1f4c,0.9,5.9,2.55
1f6b,1f05,1f48,1,6.1,2.75
1f66,1ef1,1f33,1.25,7.1,3.8
1f57,1ee2,1f24,2,7.85,4.55
1f52,1ebb,1f08,2.25,9.8,5.95
1f5d,1.00E+97,1eeb,1.7,11.6,7.4
1f5e,1.00E+76,1ec3,1.65,13.25,9.4
1f5e,1.00E+76,1ec3,1.65,13.25,9.4
1f69,1e7e,1eb0,1.1,12.85,10.35
1f57,1e8d,1ebe,2,12.1,9.65
1f52,1eb6,1ece,2.25,10.05,8.85
1f53,1ee6,1ecf,2.2,7.65,8.8
1f4c,1f11,1ecf,2.55,5.5,8.8
1f4f,1f2b,1ed1,2.4,4.2,8.7
1f46,1f1a,1edc,2.85,5.05,8.15
1f47,1f09,1ed5,2.8,5.9,8.5
1f55,1eef,1ec5,2.1,7.2,9.3
1f5c,1ee6,1ec2,1.75,7.65,9.45
1f63,1ee7,1ecd,1.4,7.6,8.9
1f6b,1edf,1eda,1,8,8.25
1f74,1ee4,1ef2,0.55,7.75,7.05
1f8d,1efb,1eef,-0.7,6.6,7.2
1f84,1f12,1ef5,-0.25,5.45,6.9
1f7e,1f25,1f05,0.05,4.5,6.1
1f6e,1f1c,1f0a,0.85,4.95,5.85
1f76,1f0d,1f06,0.45,5.7,6.05
1f72,1f0d,1f22,0.65,5.7,4.65
1f80,1f1c,1f31,-0.05,4.95,3.9
1f8f,1f23,1f37,-0.8,4.6,3.6
1fa5,1f1b,1f31,-1.9,5,3.9
1fb4,1f25,1f2f,-2.65,4.5,4
1fb4,1f25,1f2f,-2.65,4.5,4
1fa8,1f20,1f2c,-2.05,4.75,4.15
1f6f,1f22,1f21,0.8,4.65,4.7
1f65,1f12,1f16,1.3,5.45,5.25
1f71,1f0a,1f15,0.7,5.85,5.3
1f82,1f08,1f26,-0.15,5.95,4.45
1f92,1f1a,1f2f,-0.95,5.05,4
1fa5,1f22,1f37,-1.9,4.65,3.6
1fab,1f0c,1f1e,-2.2,5.75,4.85
1fab,1f0c,1f1e,-2.2,5.75,4.85
1fa5,1f09,1f20,-1.9,5.9,4.75
1f92,1f0d,1f1c,-0.95,5.7,4.95
1f97,1f15,1f33,-1.2,5.3,3.8
1faf,1f34,1f38,-2.4,3.75,3.55
1fc0,1f41,1f3f,-3.25,3.1,3.2
1fd2,1f53,1f44,-4.15,2.2,2.95
1fe1,1f4c,1f50,-4.9,2.55,2.35
1fdb,1f2e,1f47,-4.6,4.05,2.8
1fc2,1f2d,1f4c,-3.35,4.1,2.55
1fad,1f2a,1f36,-2.3,4.25,3.65
1f9f,1f2c,1f3a,-1.6,4.15,3.45
1f94,1f35,1f38,-1.05,3.7,3.55
1f98,1f5b,1f46,-1.25,1.8,2.85
1f98,1f5b,1f46,-1.25,1.8,2.85
1f87,1f5a,1f3a,-0.4,1.85,3.45
1f7e,1f55,1f38,0.05,2.1,3.55
1f8e,1f4a,1f3b,-0.75,2.65,3.4
1f8e,1f37,1f31,-0.75,3.6,3.9
1f86,1f30,1f28,-0.35,3.95,4.35
1f8c,1f2c,1f2d,-0.65,4.15,4.1
1f8b,1f22,1f18,-0.6,4.65,5.15
1f7a,1f1a,1f19,0.25,5.05,5.1
1f70,1f22,1f19,0.75,4.65,5.1
1f69,1f27,1f11,1.1,4.4,5.5
1f6d,1f31,1f21,0.9,3.9,4.7
1f6d,1f31,1f21,0.9,3.9,4.7
1f7f,1f32,1f17,0,3.85,5.2
1f7f,1f32,1f17,0,3.85,5.2
1f72,1f18,1f02,0.65,5.15,6.25
1f72,1f18,1f02,0.65,5.15,6.25
1f6c,1ef6,1f07,0.95,6.85,6
1f67,1ef0,1ef5,1.2,7.15,6.9
1f5e,1eef,1f07,1.65,7.2,6
1f60,1ef9,1f13,1.55,6.7,5.4
1f6f,1ef3,1f11,0.8,7,5.5
1f88,1f1b,1f31,-0.45,5,3.9
1f8a,1f29,1f36,-0.55,4.3,3.65
1f94,1f2b,1f32,-1.05,4.2,3.85
1f86,1f2a,1f20,-0.35,4.25,4.75
1f86,1f2a,1f20,-0.35,4.25,4.75
1f86,1f24,1f2e,-0.35,4.55,4.05
1f97,1f23,1f41,-1.2,4.6,3.1
1f94,1f39,1f32,-1.05,3.5,3.85
1f9e,1f41,1f32,-1.55,3.1,3.85
1fa8,1f54,1f33,-2.05,2.15,3.8
1fa9,1f51,1f26,-2.1,2.3,4.45
1fae,1f40,1f20,-2.35,3.15,4.75
1f99,1f3d,1f1f,-1.3,3.3,4.8
1f9d,1f32,1f22,-1.5,3.85,4.65
1fa0,1f2a,1f27,-1.65,4.25,4.4
1fb1,1f41,1f24,-2.5,3.1,4.55
1fb1,1f41,1f24,-2.5,3.1,4.55
1fa5,1f51,1f20,-1.9,2.3,4.75
1fa1,1f59,1f29,-1.7,1.9,4.3
1f87,1f52,1f2a,-0.4,2.25,4.25
1f78,1f34,1f24,0.35,3.75,4.55
1f7b,1f29,1f20,0.2,4.3,4.75
1f85,1f25,1f2f,-0.3,4.5,4
1fa2,1f22,1f27,-1.75,4.65,4.4
1faa,1f41,1f39,-2.15,3.1,3.5
1fb7,1f4a,1f44,-2.8,2.65,2.95
1fbf,1f4a,1f3e,-3.2,2.65,3.25
1fa7,1f4c,1f44,-2,2.55,2.95
1f79,1f2b,1f40,0.3,4.2,3.15
1f79,1f2b,1f40,0.3,4.2,3.15
1f77,1f23,1f3e,0.4,4.6,3.25
1f77,1f23,1f3e,0.4,4.6,3.25
1f85,1f33,1f4b,-0.3,3.8,2.6
1f85,1f33,1f4b,-0.3,3.8,2.6
1f90,1f3b,1f43,-0.85,3.4,3
1f96,1f53,1f39,-1.15,2.2,3.5
1f96,1f53,1f39,-1.15,2.2,3.5
1f92,1f6a,1f2b,-0.95,1.05,4.2
1f91,1f84,1f29,-0.9,-0.25,4.3
1f90,1f87,1f25,-0.85,-0.4,4.5
1f83,1f76,1f25,-0.2,0.45,4.5
1f99,1f62,1f1f,-1.3,1.45,4.8
1fa3,1f51,1f23,-1.8,2.3,4.6
1fac,1f35,1f29,-2.25,3.7,4.3
1fac,1f35,1f29,-2.25,3.7,4.3
1f98,1f15,1f1e,-1.25,5.3,4.85
1f98,1f15,1f1e,-1.25,5.3,4.85
1f86,1f0e,1f1e,-0.35,5.65,4.85
1f7d,1f0e,1f24,0.1,5.65,4.55
1f7d,1f0e,1f24,0.1,5.65,4.55
1f81,1f04,1f2c,-0.1,6.15,4.15
1f82,1f08,1f2b,-0.15,5.95,4.2
1f84,1f05,1f28,-0.25,6.1,4.35
1f83,1f19,1f2b,-0.2,5.1,4.2
1f83,1f19,1f2b,-0.2,5.1,4.2
1f83,1f19,1f2b,-0.2,5.1,4.2
1f7e,1f10,1f2b,0.05,5.55,4.2
1f80,1f09,1f22,-0.05,5.9,4.65
1f7b,1f07,1f2c,0.2,6,4.15
1f68,1f18,1f2a,1.15,5.15,4.25
1f72,1f2d,1f2e,0.65,4.1,4.05
1f72,1f2d,1f2e,0.65,4.1,4.05
1fc1,1f25,1f2d,-3.3,4.5,4.1
1f87,1f48,1f1b,-0.4,2.75,5
1f8d,1f46,1f2a,-0.7,2.85,4.25
1f8d,1f46,1f2a,-0.7,2.85,4.25
1f96,1f3d,1f37,-1.15,3.3,3.6
1fb0,1f3c,1f3b,-2.45,3.35,3.4
1fbe,1f36,1f44,-3.15,3.65,2.95
1fc5,1f35,1f3e,-3.5,3.7,3.25
1fb2,1f34,1f37,-2.55,3.75, 
